session_id,completed,current_step,started_at,completed_at,question_key,answer
bbb08a68-8e6c-4c77-9d1e-cfc919c79a24,True,complete,2026-04-16T15:45:45.005665+00:00,2026-04-16T15:59:45.222+00:00,ref_surprise,"the choclate, i thought the brand cared a bit more about the evirement"
bbb08a68-8e6c-4c77-9d1e-cfc919c79a24,True,complete,2026-04-16T15:45:45.005665+00:00,2026-04-16T15:59:45.222+00:00,ref_reflection,how bad some products actually are for the envirement
bbb08a68-8e6c-4c77-9d1e-cfc919c79a24,True,complete,2026-04-16T15:45:45.005665+00:00,2026-04-16T15:59:45.222+00:00,ref_improvement,"i think it was good overall, maybe some extra examples like the 1kg beef and car ride would be interesting, and what products you can take instead"
bbb08a68-8e6c-4c77-9d1e-cfc919c79a24,True,complete,2026-04-16T15:45:45.005665+00:00,2026-04-16T15:59:45.222+00:00,ref_local_farmers,julien@vanhooijdonk.net
bbb08a68-8e6c-4c77-9d1e-cfc919c79a24,True,complete,2026-04-16T15:45:45.005665+00:00,2026-04-16T15:59:45.222+00:00,ref_system_feedback,to get a better view about the different products and their ranking in this system
bbb08a68-8e6c-4c77-9d1e-cfc919c79a24,True,complete,2026-04-16T15:45:45.005665+00:00,2026-04-16T15:59:45.222+00:00,ref_trust_comparison,it made it clearer for me to understand the difference between them
e2299ec3-fd9b-4ffc-b5ab-37d1f7132358,True,complete,2026-04-16T16:04:09.867803+00:00,2026-04-16T16:23:00.663+00:00,ref_surprise,"I didn't know chocolate and cheese were that bad, so that is nice to know when I consider buying it in the future"
e2299ec3-fd9b-4ffc-b5ab-37d1f7132358,True,complete,2026-04-16T16:04:09.867803+00:00,2026-04-16T16:23:00.663+00:00,ref_reflection,"I feel like it makes the impact of different products more clear, because it is something that usually confuses me"
e2299ec3-fd9b-4ffc-b5ab-37d1f7132358,True,complete,2026-04-16T16:04:09.867803+00:00,2026-04-16T16:23:00.663+00:00,ref_local_farmers,tvtslot@gmail.com
e2299ec3-fd9b-4ffc-b5ab-37d1f7132358,True,complete,2026-04-16T16:04:09.867803+00:00,2026-04-16T16:23:00.663+00:00,ref_system_feedback,I like that it is per kg so it really shows it relative to one another. I would maybe like to consider that some products are more or less dense then others in the ranking system
e2299ec3-fd9b-4ffc-b5ab-37d1f7132358,True,complete,2026-04-16T16:04:09.867803+00:00,2026-04-16T16:23:00.663+00:00,ref_trust_comparison,It is for sure much easier to understand and would make it easier to check it in the store when you buy it
d47f010d-05e3-436e-98d7-1f4b91b239c6,True,complete,2026-04-17T11:20:02.663981+00:00,2026-04-17T11:36:40.244+00:00,ref_surprise,How little CO2 is produces for vegtables and fruit compared to meat
d47f010d-05e3-436e-98d7-1f4b91b239c6,True,complete,2026-04-17T11:20:02.663981+00:00,2026-04-17T11:36:40.244+00:00,ref_reflection,That especially meat is far more expensive in terms of CO2 than other products
d47f010d-05e3-436e-98d7-1f4b91b239c6,True,complete,2026-04-17T11:20:02.663981+00:00,2026-04-17T11:36:40.244+00:00,ref_improvement,"Make it easier to compare two given things, and possibly also present alternatives (e.g. halvarine for butter or vega food for meat)"
d47f010d-05e3-436e-98d7-1f4b91b239c6,True,complete,2026-04-17T11:20:02.663981+00:00,2026-04-17T11:36:40.244+00:00,ref_local_farmers,N/A
d47f010d-05e3-436e-98d7-1f4b91b239c6,True,complete,2026-04-17T11:20:02.663981+00:00,2026-04-17T11:36:40.244+00:00,ref_system_feedback,I liked that it was clear at first glance
d47f010d-05e3-436e-98d7-1f4b91b239c6,True,complete,2026-04-17T11:20:02.663981+00:00,2026-04-17T11:36:40.244+00:00,ref_trust_comparison,"Here there are exact numbers, there they just have labels. While there can be a lot of variability between products with a similar label"
3b4aacff-b057-4e0f-b499-d7ca5f178ed4,True,complete,2026-04-17T11:25:22.123299+00:00,2026-04-17T11:49:59.328+00:00,ref_surprise,"Not really! I was scared I would get a bad score, but the ""excellent"" reassured me in my own critical thinking about the food that I buy; to trust myself more then the marketing/labels"
3b4aacff-b057-4e0f-b499-d7ca5f178ed4,True,complete,2026-04-17T11:25:22.123299+00:00,2026-04-17T11:49:59.328+00:00,ref_reflection,Nothing new really.. I knew quite a lot beforehand.
3b4aacff-b057-4e0f-b499-d7ca5f178ed4,True,complete,2026-04-17T11:25:22.123299+00:00,2026-04-17T11:49:59.328+00:00,ref_improvement,"I would be interested in knowing about the impact of more processed food, and packaged wannabe green expensive and suppose ethical foods (I want to now what green brands are full of bullshit, and which are actually trustworthy and deserve my money)"
3b4aacff-b057-4e0f-b499-d7ca5f178ed4,True,complete,2026-04-17T11:25:22.123299+00:00,2026-04-17T11:49:59.328+00:00,ref_local_farmers,jody_van_eldijk@hotmail.com
3b4aacff-b057-4e0f-b499-d7ca5f178ed4,True,complete,2026-04-17T11:25:22.123299+00:00,2026-04-17T11:49:59.328+00:00,ref_system_feedback,"I would like a more indepth explanation about how the CO2 is calculated and the way other enviromental impacts are added to this score: water, methane. Information for the die hard enviromentalists."
3b4aacff-b057-4e0f-b499-d7ca5f178ed4,True,complete,2026-04-17T11:25:22.123299+00:00,2026-04-17T11:49:59.328+00:00,ref_trust_comparison,"It shows the land the products come from, which is really nice as well. Other ethical factors can result in buying or not buying the certain product."
1638ed7b-1a58-4cad-a633-3021a5843d4b,True,complete,2026-04-20T09:51:08.977759+00:00,2026-04-20T10:16:57.756+00:00,ref_surprise,"The amount of meat purchased, I purchased those for my mom and not myself, so I think a big chunk of my emissions data comes from that."
1638ed7b-1a58-4cad-a633-3021a5843d4b,True,complete,2026-04-20T09:51:08.977759+00:00,2026-04-20T10:16:57.756+00:00,ref_reflection,I learnt to better distinguish the emissions from different products.
1638ed7b-1a58-4cad-a633-3021a5843d4b,True,complete,2026-04-20T09:51:08.977759+00:00,2026-04-20T10:16:57.756+00:00,ref_improvement,N.A.
1638ed7b-1a58-4cad-a633-3021a5843d4b,True,complete,2026-04-20T09:51:08.977759+00:00,2026-04-20T10:16:57.756+00:00,ref_system_feedback,I like it because it is very clear and straightforward.
1638ed7b-1a58-4cad-a633-3021a5843d4b,True,complete,2026-04-20T09:51:08.977759+00:00,2026-04-20T10:16:57.756+00:00,ref_trust_comparison,"Other eco-labels are confusing and difficult to interpret, this made more sense."
03448d58-d95b-44ef-88fc-561eabd272e3,True,complete,2026-04-20T09:51:54.70344+00:00,2026-04-20T10:01:57.179+00:00,ref_reflection,dat er een groot verschil in zit
03448d58-d95b-44ef-88fc-561eabd272e3,True,complete,2026-04-20T09:51:54.70344+00:00,2026-04-20T10:01:57.179+00:00,ref_improvement,het binnen 1 categorie doen
03448d58-d95b-44ef-88fc-561eabd272e3,True,complete,2026-04-20T09:51:54.70344+00:00,2026-04-20T10:01:57.179+00:00,ref_system_feedback,ik dacht eerst dat de meeste co2 aanstoot boven aan moest
03448d58-d95b-44ef-88fc-561eabd272e3,True,complete,2026-04-20T09:51:54.70344+00:00,2026-04-20T10:01:57.179+00:00,ref_trust_comparison,beter. Maar binnen één product catogerie weet ik nu nog steeds niet wat de beste optie is
f536e06d-ec10-4fe2-a644-90ebab3f2c5b,True,complete,2026-04-20T09:55:19.029897+00:00,2026-04-20T10:16:12.047+00:00,ref_surprise,Nee
f536e06d-ec10-4fe2-a644-90ebab3f2c5b,True,complete,2026-04-20T09:55:19.029897+00:00,2026-04-20T10:16:12.047+00:00,ref_reflection,Dat rundvlees het slechtste is op c02 uitstoot
f536e06d-ec10-4fe2-a644-90ebab3f2c5b,True,complete,2026-04-20T09:55:19.029897+00:00,2026-04-20T10:16:12.047+00:00,ref_improvement,-
f536e06d-ec10-4fe2-a644-90ebab3f2c5b,True,complete,2026-04-20T09:55:19.029897+00:00,2026-04-20T10:16:12.047+00:00,ref_system_feedback,"Steeds andere soort producten, super verschillend dus was lastig om de rode lijn te zien"
f536e06d-ec10-4fe2-a644-90ebab3f2c5b,True,complete,2026-04-20T09:55:19.029897+00:00,2026-04-20T10:16:12.047+00:00,ref_trust_comparison,-
1f25fd9a-a759-4d2f-a687-08b8ac1f19d5,True,complete,2026-04-20T10:09:07.455485+00:00,2026-04-20T10:19:12.255+00:00,ref_surprise,"Nee, hebben mij niet verrast."
1f25fd9a-a759-4d2f-a687-08b8ac1f19d5,True,complete,2026-04-20T10:09:07.455485+00:00,2026-04-20T10:19:12.255+00:00,ref_system_feedback,"Het was mij niet gelijk duidelijk dat 1 het laagst was en 7 het hoogst, maar dat lag aan mijn eigen leesvaardigheden."
1f25fd9a-a759-4d2f-a687-08b8ac1f19d5,True,complete,2026-04-20T10:09:07.455485+00:00,2026-04-20T10:19:12.255+00:00,ref_trust_comparison,Het is inzichtelijker als je feedback krijgt op specifieke producten.
5458bf54-714b-4102-a0ad-6d8cc48a7290,True,complete,2026-04-20T10:09:08.269123+00:00,2026-04-20T10:21:46.877+00:00,ref_surprise,"Ik probeer voornamelijk plantaardige producten te kopen, maar heb nu geleerd dat ik hier ook bewustere keuzes in kan maken."
5458bf54-714b-4102-a0ad-6d8cc48a7290,True,complete,2026-04-20T10:09:08.269123+00:00,2026-04-20T10:21:46.877+00:00,ref_reflection,"Ik was er al van op de hoogte van dat vlees een grote co2 impact had, maar ik wist het bijvoorbeeld niet over kaas, eieren, koffie etc."
5458bf54-714b-4102-a0ad-6d8cc48a7290,True,complete,2026-04-20T10:09:08.269123+00:00,2026-04-20T10:21:46.877+00:00,ref_improvement,Het stukje feedback :)
5458bf54-714b-4102-a0ad-6d8cc48a7290,True,complete,2026-04-20T10:09:08.269123+00:00,2026-04-20T10:21:46.877+00:00,ref_local_farmers,isabos2002@gmail.com
5458bf54-714b-4102-a0ad-6d8cc48a7290,True,complete,2026-04-20T10:09:08.269123+00:00,2026-04-20T10:21:46.877+00:00,ref_system_feedback,"Ik vond de rangschikking (hoog-laag) in het begin een beetje verwarrend, maar daarna was het duidelijk. Ook zou ik het wel leuker/ leerzamer vinden om gelijk feedback te krijgen."
5458bf54-714b-4102-a0ad-6d8cc48a7290,True,complete,2026-04-20T10:09:08.269123+00:00,2026-04-20T10:21:46.877+00:00,ref_trust_comparison,"Ik vind vaak keurmerken alsnog onduidelijk, of dat ik huiverig ben over de informatie je krijgt. De informatie die jullie geven voelt erg transparant."
ae215f03-9b29-4374-8a2d-190f7fe92ee7,True,complete,2026-04-20T10:11:41.725491+00:00,2026-04-20T10:25:46.443+00:00,ref_surprise,"Ja, het verbaasde me dat sommige producten veel meer CO2 uitstoten dan ik dacht."
ae215f03-9b29-4374-8a2d-190f7fe92ee7,True,complete,2026-04-20T10:11:41.725491+00:00,2026-04-20T10:25:46.443+00:00,ref_reflection,"Dat sommige producten toch meer CO2 uitstoten, dan ik in eerste instantie dacht."
ae215f03-9b29-4374-8a2d-190f7fe92ee7,True,complete,2026-04-20T10:11:41.725491+00:00,2026-04-20T10:25:46.443+00:00,ref_improvement,Niets
ae215f03-9b29-4374-8a2d-190f7fe92ee7,True,complete,2026-04-20T10:11:41.725491+00:00,2026-04-20T10:25:46.443+00:00,ref_system_feedback,Makkelijk te gebruiken en duidelijk hoeveel elk product ongeveer uitstoot.
ae215f03-9b29-4374-8a2d-190f7fe92ee7,True,complete,2026-04-20T10:11:41.725491+00:00,2026-04-20T10:25:46.443+00:00,ref_trust_comparison,"Ja klopt wel aardig, al zit er wel wat verschil in. Niet alle keurmerken zijn even duidelijk voor mijn gevoel, of het ligt aan mij."
ac2c717f-c340-4859-9c93-895bb14506da,True,complete,2026-04-20T10:12:04.07765+00:00,2026-04-20T10:25:39.817+00:00,ref_surprise,"Soms wel, soms niet. Sommige producten hadden meer impact op het milieu dan ik dacht"
ac2c717f-c340-4859-9c93-895bb14506da,True,complete,2026-04-20T10:12:04.07765+00:00,2026-04-20T10:25:39.817+00:00,ref_reflection,Milieu impact van bepaalde producten
ac2c717f-c340-4859-9c93-895bb14506da,True,complete,2026-04-20T10:12:04.07765+00:00,2026-04-20T10:25:39.817+00:00,ref_improvement,Niks
ac2c717f-c340-4859-9c93-895bb14506da,True,complete,2026-04-20T10:12:04.07765+00:00,2026-04-20T10:25:39.817+00:00,ref_system_feedback,Het was makkelijk te verplaatsen. Bij de antwoorden was het goede antwoord wel hele kleine lettertjes waardoor het ene beetje onduidelijk was
ac2c717f-c340-4859-9c93-895bb14506da,True,complete,2026-04-20T10:12:04.07765+00:00,2026-04-20T10:25:39.817+00:00,ref_trust_comparison,Goed dnek ik
c26dbd3b-35c2-4e2e-b61f-407833d573d3,True,complete,2026-04-20T10:28:55.284098+00:00,2026-04-20T10:42:47.086+00:00,ref_improvement,maybe change the product names to english as well
c26dbd3b-35c2-4e2e-b61f-407833d573d3,True,complete,2026-04-20T10:28:55.284098+00:00,2026-04-20T10:42:47.086+00:00,ref_trust_comparison,"better, it is more obvious what produces more CO2"
99080505-79b1-48b7-bfc6-caddbd682001,True,complete,2026-04-20T10:29:16.488396+00:00,2026-04-20T10:40:03.306+00:00,ref_surprise,No not really
99080505-79b1-48b7-bfc6-caddbd682001,True,complete,2026-04-20T10:29:16.488396+00:00,2026-04-20T10:40:03.306+00:00,ref_reflection,I learned that the choices I currently make in the kind of groceries I tend to buy omitted pretty little CO2.
99080505-79b1-48b7-bfc6-caddbd682001,True,complete,2026-04-20T10:29:16.488396+00:00,2026-04-20T10:40:03.306+00:00,ref_improvement,-
99080505-79b1-48b7-bfc6-caddbd682001,True,complete,2026-04-20T10:29:16.488396+00:00,2026-04-20T10:40:03.306+00:00,ref_system_feedback,I liked that it was easy to nagivate
99080505-79b1-48b7-bfc6-caddbd682001,True,complete,2026-04-20T10:29:16.488396+00:00,2026-04-20T10:40:03.306+00:00,ref_trust_comparison,"I thought the eco-labels were easier to understand than this ranking system, but that both are useful in learning about the ecological impact of groceries."
660d38e0-90c6-4f4e-bf76-1c0f32d6ed8a,True,complete,2026-04-20T10:29:17.332377+00:00,2026-04-20T10:43:09.644+00:00,ref_local_farmers,kim@freche-loesungen.de
2c9d1773-2939-4986-a8a0-d9f7de28cd86,True,complete,2026-04-20T10:33:15.523811+00:00,2026-04-20T10:45:23.177+00:00,ref_surprise,Some
2c9d1773-2939-4986-a8a0-d9f7de28cd86,True,complete,2026-04-20T10:33:15.523811+00:00,2026-04-20T10:45:23.177+00:00,ref_reflection,O learnt more about which products were environmentally friendly.
2c9d1773-2939-4986-a8a0-d9f7de28cd86,True,complete,2026-04-20T10:33:15.523811+00:00,2026-04-20T10:45:23.177+00:00,ref_improvement,i wouldnt
2c9d1773-2939-4986-a8a0-d9f7de28cd86,True,complete,2026-04-20T10:33:15.523811+00:00,2026-04-20T10:45:23.177+00:00,ref_system_feedback,I liked how it was easy to use
2c9d1773-2939-4986-a8a0-d9f7de28cd86,True,complete,2026-04-20T10:33:15.523811+00:00,2026-04-20T10:45:23.177+00:00,ref_trust_comparison,Yes it does
68661d30-550b-4e2f-bda2-ab3de5d155f0,True,complete,2026-04-20T10:43:53.185737+00:00,2026-04-20T11:01:17.408+00:00,ref_local_farmers,anna.kippersluis@icloud.com
68661d30-550b-4e2f-bda2-ab3de5d155f0,True,complete,2026-04-20T10:43:53.185737+00:00,2026-04-20T11:01:17.408+00:00,ref_system_feedback,"that i could not go back to correct my answer, my first try was wrongly filled it. number 1 needed to be number 7."
68661d30-550b-4e2f-bda2-ab3de5d155f0,True,complete,2026-04-20T10:43:53.185737+00:00,2026-04-20T11:01:17.408+00:00,ref_trust_comparison,i have not seeen many eco-labels before
2484e621-9f6f-47c6-bf9c-9e8df42c3601,True,complete,2026-04-20T10:45:24.111737+00:00,2026-04-20T10:55:48.31+00:00,ref_surprise,zie bovenstaande
2484e621-9f6f-47c6-bf9c-9e8df42c3601,True,complete,2026-04-20T10:45:24.111737+00:00,2026-04-20T10:55:48.31+00:00,ref_reflection,Dat bepaalde producten veel meer uitstoot hebben dan dat ik dacht
2484e621-9f6f-47c6-bf9c-9e8df42c3601,True,complete,2026-04-20T10:45:24.111737+00:00,2026-04-20T10:55:48.31+00:00,ref_improvement,"Ik zou slecht bij een doen en 6 bij het beste, in het begin heb ik het per ongeluk verkeerd om gedaan."
2484e621-9f6f-47c6-bf9c-9e8df42c3601,True,complete,2026-04-20T10:45:24.111737+00:00,2026-04-20T10:55:48.31+00:00,ref_local_farmers,nee
2484e621-9f6f-47c6-bf9c-9e8df42c3601,True,complete,2026-04-20T10:45:24.111737+00:00,2026-04-20T10:55:48.31+00:00,ref_system_feedback,"Ik zou slecht bij een doen en 6 bij het beste, in het begin heb ik het per ongeluk verkeerd om gedaan."
2484e621-9f6f-47c6-bf9c-9e8df42c3601,True,complete,2026-04-20T10:45:24.111737+00:00,2026-04-20T10:55:48.31+00:00,ref_trust_comparison,Het is met ranking
021396c0-cf2b-40f9-8ca2-e25101bd3333,True,complete,2026-04-20T11:47:17.069072+00:00,2026-04-20T12:03:46.552+00:00,ref_surprise,neu
021396c0-cf2b-40f9-8ca2-e25101bd3333,True,complete,2026-04-20T11:47:17.069072+00:00,2026-04-20T12:03:46.552+00:00,ref_reflection,1kg beef produceert evenveel co2 uitstoot als een autoritje van hier naar geneve
021396c0-cf2b-40f9-8ca2-e25101bd3333,True,complete,2026-04-20T11:47:17.069072+00:00,2026-04-20T12:03:46.552+00:00,ref_improvement,I would like a button to go to previous questions/results so that I can read more before answering the question about what I learned.
021396c0-cf2b-40f9-8ca2-e25101bd3333,True,complete,2026-04-20T11:47:17.069072+00:00,2026-04-20T12:03:46.552+00:00,ref_local_farmers,geertjekik@gmail.com
021396c0-cf2b-40f9-8ca2-e25101bd3333,True,complete,2026-04-20T11:47:17.069072+00:00,2026-04-20T12:03:46.552+00:00,ref_system_feedback,Goed om op co2 uitstoot te letten
021396c0-cf2b-40f9-8ca2-e25101bd3333,True,complete,2026-04-20T11:47:17.069072+00:00,2026-04-20T12:03:46.552+00:00,ref_trust_comparison,Deze is beter dan allemaal!!!
bb3a59a5-5a7d-4813-8333-3b098a8e437a,True,complete,2026-04-20T11:54:15.892903+00:00,2026-04-20T12:08:35.29+00:00,ref_surprise,Niet echt
bb3a59a5-5a7d-4813-8333-3b098a8e437a,True,complete,2026-04-20T11:54:15.892903+00:00,2026-04-20T12:08:35.29+00:00,ref_reflection,Welke ingrediënten vervuilender zijn dan andere.
bb3a59a5-5a7d-4813-8333-3b098a8e437a,True,complete,2026-04-20T11:54:15.892903+00:00,2026-04-20T12:08:35.29+00:00,ref_system_feedback,Ik had het eerst verkeerd om ingevuld
e316b2eb-1f11-43ae-8897-1188e089dfb5,True,complete,2026-04-20T11:57:33.970948+00:00,2026-04-20T12:28:34.107+00:00,ref_surprise,"Ja ik had wel gedacht dat ik boven gemiddeld was maar ik dacht dat dat kwam door kip en varken, terwijl chocola veel belangrijker was."
e316b2eb-1f11-43ae-8897-1188e089dfb5,True,complete,2026-04-20T11:57:33.970948+00:00,2026-04-20T12:28:34.107+00:00,ref_reflection,Ik heb geleerd dat sommige producten een stuk slechter voor het milieu zijn dan ik dacht
e316b2eb-1f11-43ae-8897-1188e089dfb5,True,complete,2026-04-20T11:57:33.970948+00:00,2026-04-20T12:28:34.107+00:00,ref_improvement,Maybe include the amount of CO2 per gram of protein
e316b2eb-1f11-43ae-8897-1188e089dfb5,True,complete,2026-04-20T11:57:33.970948+00:00,2026-04-20T12:28:34.107+00:00,ref_local_farmers,teun.klein.gunnewiek@gmail.com
e316b2eb-1f11-43ae-8897-1188e089dfb5,True,complete,2026-04-20T11:57:33.970948+00:00,2026-04-20T12:28:34.107+00:00,ref_system_feedback,"Het is heel duidelijk want je ziet gewoon het gevolg van het hele proces, dit neemt bijvoorbeeld het kappen van bomen in gedachten bij de calculatie."
e316b2eb-1f11-43ae-8897-1188e089dfb5,True,complete,2026-04-20T11:57:33.970948+00:00,2026-04-20T12:28:34.107+00:00,ref_trust_comparison,"Keurmerken vertrouw ik niet helemaal omdat ze natuurlijk zichzelf niet te slecht willen laten lijken, dit systeem voelt een stuk meer straight to the point"
619bc786-d14e-451d-addd-b6bdf9a7b372,True,complete,2026-04-20T11:57:39.454492+00:00,2026-04-20T12:20:17.869+00:00,ref_surprise,Nee
619bc786-d14e-451d-addd-b6bdf9a7b372,True,complete,2026-04-20T11:57:39.454492+00:00,2026-04-20T12:20:17.869+00:00,ref_reflection,Koffie is slecht voor het milieu
619bc786-d14e-451d-addd-b6bdf9a7b372,True,complete,2026-04-20T11:57:39.454492+00:00,2026-04-20T12:20:17.869+00:00,ref_local_farmers,tiotoloentje@proton.me
619bc786-d14e-451d-addd-b6bdf9a7b372,True,complete,2026-04-20T11:57:39.454492+00:00,2026-04-20T12:20:17.869+00:00,ref_system_feedback,Het kijkt alleen naar Co2 en niet naar andere dingen zoals waterverbruik
9ddb493d-77a4-4840-8ac4-bbeeefdc3901,True,complete,2026-04-20T11:58:17.407077+00:00,2026-04-20T12:21:58.605+00:00,ref_surprise,nee
9ddb493d-77a4-4840-8ac4-bbeeefdc3901,True,complete,2026-04-20T11:58:17.407077+00:00,2026-04-20T12:21:58.605+00:00,ref_reflection,een beetje meer hoe de verdeling is van co2 uitstoot tussen producten
9ddb493d-77a4-4840-8ac4-bbeeefdc3901,True,complete,2026-04-20T11:58:17.407077+00:00,2026-04-20T12:21:58.605+00:00,ref_improvement,meer duidelijkheid waar de verhouding vandaan komt en onder het kopje Jouw Aankopen zaten producten die ik helemaal niet had gekozen
9ddb493d-77a4-4840-8ac4-bbeeefdc3901,True,complete,2026-04-20T11:58:17.407077+00:00,2026-04-20T12:21:58.605+00:00,ref_local_farmers,kmossaleh@gmail.com
9ddb493d-77a4-4840-8ac4-bbeeefdc3901,True,complete,2026-04-20T11:58:17.407077+00:00,2026-04-20T12:21:58.605+00:00,ref_system_feedback,niet echt verduidelijkt waarom deze rangschikking
9ddb493d-77a4-4840-8ac4-bbeeefdc3901,True,complete,2026-04-20T11:58:17.407077+00:00,2026-04-20T12:21:58.605+00:00,ref_trust_comparison,niet veel verschil
ba2ecace-8398-484b-afc5-4a586c936bc0,True,complete,2026-04-20T11:59:55.887173+00:00,2026-04-20T12:23:44.649+00:00,ref_surprise,-
ba2ecace-8398-484b-afc5-4a586c936bc0,True,complete,2026-04-20T11:59:55.887173+00:00,2026-04-20T12:23:44.649+00:00,ref_reflection,"learned about the strong impact of coffee and chocolate compared to basic food like fruits, vegetables, beans etc."
ba2ecace-8398-484b-afc5-4a586c936bc0,True,complete,2026-04-20T11:59:55.887173+00:00,2026-04-20T12:23:44.649+00:00,ref_improvement,I think this system could take into account the origin of the food and used energy more as it would be the leading factor fo CO2 Emissions
ba2ecace-8398-484b-afc5-4a586c936bc0,True,complete,2026-04-20T11:59:55.887173+00:00,2026-04-20T12:23:44.649+00:00,ref_system_feedback,"I think its sometimes not easy to rank here in the survey because some fundamental information is missing, e.g. are the oranges from spain or morocco (more distance = more CO2) which is important for the ranking or e.g. are tomatoes seasonal /regional(less C02) or are they from a greenhouse in the winter or are growing somewhere in Ethopia which influences the amount of CO2 again."
ba2ecace-8398-484b-afc5-4a586c936bc0,True,complete,2026-04-20T11:59:55.887173+00:00,2026-04-20T12:23:44.649+00:00,ref_trust_comparison,"well this one evaluates the CO2 Emissions, other label simply evaluate other things like vegan/vegan ingredients, compare foods in different categories from A-B among the same categorie or evaluate how much space animals are having or the amount of pesticides are used."
72bb6c7a-af7d-49d9-835f-7c525190db59,True,complete,2026-04-20T12:03:53.620084+00:00,2026-04-20T12:12:38.155+00:00,ref_surprise,niet perse
72bb6c7a-af7d-49d9-835f-7c525190db59,True,complete,2026-04-20T12:03:53.620084+00:00,2026-04-20T12:12:38.155+00:00,ref_reflection,dat vlees meer uitstoot dan melk en bonen enzo
72bb6c7a-af7d-49d9-835f-7c525190db59,True,complete,2026-04-20T12:03:53.620084+00:00,2026-04-20T12:12:38.155+00:00,ref_improvement,nee was goed zo
72bb6c7a-af7d-49d9-835f-7c525190db59,True,complete,2026-04-20T12:03:53.620084+00:00,2026-04-20T12:12:38.155+00:00,ref_system_feedback,was echt een duidelijk plaatje
72bb6c7a-af7d-49d9-835f-7c525190db59,True,complete,2026-04-20T12:03:53.620084+00:00,2026-04-20T12:12:38.155+00:00,ref_trust_comparison,komt soortgelijk overeen
4a0145b3-7bd0-428a-b75c-1d36c701cf24,True,complete,2026-04-20T12:03:53.657069+00:00,2026-04-20T12:18:04.656+00:00,ref_surprise,"Ja, zie vorige vraag"
4a0145b3-7bd0-428a-b75c-1d36c701cf24,True,complete,2026-04-20T12:03:53.657069+00:00,2026-04-20T12:18:04.656+00:00,ref_reflection,"Dat de milieu impact van kip aanzienlijk lager is dan ik had verwacht, in verhouding tot andere soorten vlees zoals rund"
4a0145b3-7bd0-428a-b75c-1d36c701cf24,True,complete,2026-04-20T12:03:53.657069+00:00,2026-04-20T12:18:04.656+00:00,ref_improvement,Maak het duidelijker waarop de berekende CO2 uitstoot gebaseerd is
4a0145b3-7bd0-428a-b75c-1d36c701cf24,True,complete,2026-04-20T12:03:53.657069+00:00,2026-04-20T12:18:04.656+00:00,ref_system_feedback,"Producten zoals een 4-pack van drankpakken maken het verwarrend of dit gaat over de uitstoot van dit specifieke product, of over bijv. uitstoot per 100 gram product"
4a0145b3-7bd0-428a-b75c-1d36c701cf24,True,complete,2026-04-20T12:03:53.657069+00:00,2026-04-20T12:18:04.656+00:00,ref_trust_comparison,"Dit geeft duidelijkere informatie over CO2, maar geen andere informatie over klimaat impact."
dca22322-ed10-4ea1-b384-16280e1988a9,True,complete,2026-04-20T12:03:57.317269+00:00,2026-04-20T12:17:26.382+00:00,ref_surprise,"Ja. Ik wist niet dat mijn gewone boodschappen zoveel slechter waren dan gemiddeld, ondanks dat ik nauwelijks vlees koop. Jammer om te horen, maar kan ik nu wel iets mee doen."
dca22322-ed10-4ea1-b384-16280e1988a9,True,complete,2026-04-20T12:03:57.317269+00:00,2026-04-20T12:17:26.382+00:00,ref_system_feedback,Ik was verward door de volgorde en heb de eerste keer mijn antwoorden in de verkeerde volgorde gegeven. Misschien in grotere letters de bedoelde volgorde want ik vond m niet intuïtief.
dca22322-ed10-4ea1-b384-16280e1988a9,True,complete,2026-04-20T12:03:57.317269+00:00,2026-04-20T12:17:26.382+00:00,ref_trust_comparison,Ik ken geen keurmerk systeem die impact op klimaat als prioriteit heeft volgens mij.
1b71c897-1f54-44d1-a02a-7970cebac961,True,complete,2026-04-20T12:14:46.690233+00:00,2026-04-20T13:07:57.328+00:00,ref_surprise,"Ja, ik werd echt verast door sommige producten zoals chocolade, koffie, en pindakaas"
1b71c897-1f54-44d1-a02a-7970cebac961,True,complete,2026-04-20T12:14:46.690233+00:00,2026-04-20T13:07:57.328+00:00,ref_improvement,Het nog net iets duidelijker maken van de goede volgorde
1b71c897-1f54-44d1-a02a-7970cebac961,True,complete,2026-04-20T12:14:46.690233+00:00,2026-04-20T13:07:57.328+00:00,ref_local_farmers,veerle.deroij@ru.nl
1b71c897-1f54-44d1-a02a-7970cebac961,True,complete,2026-04-20T12:14:46.690233+00:00,2026-04-20T13:07:57.328+00:00,ref_system_feedback,Ik was wat verward door de eerste zin die zei dat je van hoog naar laag moest rangschikken dus had ik in eerste instantie het verkeerd om gedaan.
1b71c897-1f54-44d1-a02a-7970cebac961,True,complete,2026-04-20T12:14:46.690233+00:00,2026-04-20T13:07:57.328+00:00,ref_trust_comparison,Veel beter want ik weet niet echt dat er veel/goede keurmerken zijn voor het milieu en de CO2 uitstoot
2394f79c-9fb9-496b-baf0-0a13a50e812b,True,complete,2026-04-20T12:14:48.563566+00:00,2026-04-20T13:05:38.634+00:00,ref_surprise,"Yes, the emissions of the peanut butter, chocolate and coffee surprised me, I didn't think they would be as high as they were. Especially the coffee surprised me."
2394f79c-9fb9-496b-baf0-0a13a50e812b,True,complete,2026-04-20T12:14:48.563566+00:00,2026-04-20T13:05:38.634+00:00,ref_trust_comparison,"I don't do groceries myself, so I'm not very familiar with eco-labels."
7efce358-e163-4958-ad77-3d6164074d51,True,complete,2026-04-22T10:33:56.355562+00:00,2026-04-22T10:48:30.413+00:00,ref_surprise,Dat bepaalde dingen die een lage nutri score hebben wel een hoge milieu score.
7efce358-e163-4958-ad77-3d6164074d51,True,complete,2026-04-22T10:33:56.355562+00:00,2026-04-22T10:48:30.413+00:00,ref_reflection,Meer over hoe milieubewust producten zijn
7efce358-e163-4958-ad77-3d6164074d51,True,complete,2026-04-22T10:33:56.355562+00:00,2026-04-22T10:48:30.413+00:00,ref_improvement,De instructies verbeteren
7efce358-e163-4958-ad77-3d6164074d51,True,complete,2026-04-22T10:33:56.355562+00:00,2026-04-22T10:48:30.413+00:00,ref_system_feedback,"In woorden zei het van hoog naar laag, maar je moest uiteindelijk van laag naar hoog. Ik had de eerste andersom gedaan."
7efce358-e163-4958-ad77-3d6164074d51,True,complete,2026-04-22T10:33:56.355562+00:00,2026-04-22T10:48:30.413+00:00,ref_trust_comparison,Het was een stuk duidelijker.
9db85270-1cf1-4467-bc0d-82ae37eabc25,True,complete,2026-04-22T10:38:41.225529+00:00,2026-04-22T11:01:16.844+00:00,ref_surprise,"Yess, I thought the biggest factor was transport, turns out there are other way more important factors."
9db85270-1cf1-4467-bc0d-82ae37eabc25,True,complete,2026-04-22T10:38:41.225529+00:00,2026-04-22T11:01:16.844+00:00,ref_reflection,Not everything is as simple as it looks
9db85270-1cf1-4467-bc0d-82ae37eabc25,True,complete,2026-04-22T10:38:41.225529+00:00,2026-04-22T11:01:16.844+00:00,ref_system_feedback,I thought it was very clear. The colours make it easier.
d309068f-051c-498a-b081-2b0a31c3bc07,True,complete,2026-04-22T10:42:26.413629+00:00,2026-04-22T11:01:04.33+00:00,ref_surprise,De resultaten vond ik grotendeels niet verrassend
d309068f-051c-498a-b081-2b0a31c3bc07,True,complete,2026-04-22T10:42:26.413629+00:00,2026-04-22T11:01:04.33+00:00,ref_reflection,De volgorde van welke producten een hogere en lagere CO2-uitstoot tot gevolg hebben
d309068f-051c-498a-b081-2b0a31c3bc07,True,complete,2026-04-22T10:42:26.413629+00:00,2026-04-22T11:01:04.33+00:00,ref_improvement,Misschien dat andere factoren ook mee kunnen worden genomen voor een keurmerk voor totale millieu-impact. Ik weet niet zeker of CO2-uitstoot de enige factor is voor millieu-impact en ik denk dat mensen het liefts 1 keurmerk willen voor totale millieu-impact
d309068f-051c-498a-b081-2b0a31c3bc07,True,complete,2026-04-22T10:42:26.413629+00:00,2026-04-22T11:01:04.33+00:00,ref_local_farmers,loek.geelen@home.nl
d309068f-051c-498a-b081-2b0a31c3bc07,True,complete,2026-04-22T10:42:26.413629+00:00,2026-04-22T11:01:04.33+00:00,ref_system_feedback,Ik had de eerste vraag per ongeluk verkeerd om ingevuld omdat ik las van een hogere uitstoot naar een lagere uitstoot maar daarna was het goed te begrijpen
d309068f-051c-498a-b081-2b0a31c3bc07,True,complete,2026-04-22T10:42:26.413629+00:00,2026-04-22T11:01:04.33+00:00,ref_trust_comparison,Eigenlijk weet ik niet hoe andere keurmerken eruit zien dus daar kan ik moeilijk vergelijken maar de kleuren groen en rood maken het wel duidelijker dan sommige andere die misschien worden gebruikt
f17a60e1-ab6c-4c94-babb-6af5a5dfbbd6,True,complete,2026-04-22T10:43:50.612222+00:00,2026-04-22T14:02:18.663+00:00,ref_surprise,"Het was niet toegespitst op mijn eigen aankopen, dus daar is nu niet veel over te zeggen."
f17a60e1-ab6c-4c94-babb-6af5a5dfbbd6,True,complete,2026-04-22T10:43:50.612222+00:00,2026-04-22T14:02:18.663+00:00,ref_reflection,Vooral dat pure chocola een hogere co2 uitstoot heeft dan bepaalde vleessoorten.
f17a60e1-ab6c-4c94-babb-6af5a5dfbbd6,True,complete,2026-04-22T10:43:50.612222+00:00,2026-04-22T14:02:18.663+00:00,ref_improvement,Een meer eenduidige uitleg van wat op de eerste en laatste plek moet.
f17a60e1-ab6c-4c94-babb-6af5a5dfbbd6,True,complete,2026-04-22T10:43:50.612222+00:00,2026-04-22T14:02:18.663+00:00,ref_system_feedback,"Het was alleen een beetje onduidelijk dat er in de ene uitleg stond dat je van hoog naar laag moest rangschikken, en dan de andere uitleg zei dat het hoogste getal de hoogste uitstoot heeft, dat vond ik tegenstrijdig. De kleurtjes bij de cijfers hielpen wel goed!"
f17a60e1-ab6c-4c94-babb-6af5a5dfbbd6,True,complete,2026-04-22T10:43:50.612222+00:00,2026-04-22T14:02:18.663+00:00,ref_trust_comparison,Keurmerken zijn vaak een beetje vaag waar ze voor staan en in hoeverre ze kloppen. Dit systeem was duidelijk in waar het onderscheid op maakte. Daarnaast hebben niet alle producten een keurmerk en hier zijn wel allerlei producten te vergelijken.
cb8214ad-c58d-42bd-924b-38e834b0afe5,True,complete,2026-04-22T11:42:34.919036+00:00,2026-04-22T11:52:02.293+00:00,ref_surprise,"Ja, ik wist dat nog niet"
cb8214ad-c58d-42bd-924b-38e834b0afe5,True,complete,2026-04-22T11:42:34.919036+00:00,2026-04-22T11:52:02.293+00:00,ref_reflection,Co2 uitstoot van producten
cb8214ad-c58d-42bd-924b-38e834b0afe5,True,complete,2026-04-22T11:42:34.919036+00:00,2026-04-22T11:52:02.293+00:00,ref_improvement,Meteen laten zien hoe goed het was
cb8214ad-c58d-42bd-924b-38e834b0afe5,True,complete,2026-04-22T11:42:34.919036+00:00,2026-04-22T11:52:02.293+00:00,ref_system_feedback,Ik vond het jammer dat je niet meteen zag of je het goed of slecht hebt gedaan
cb8214ad-c58d-42bd-924b-38e834b0afe5,True,complete,2026-04-22T11:42:34.919036+00:00,2026-04-22T11:52:02.293+00:00,ref_trust_comparison,Wel iets anders
538136ae-4960-4bff-877b-e4a9fd093904,True,complete,2026-04-22T11:42:42.825713+00:00,2026-04-22T11:55:22.908+00:00,ref_reflection,about specific products that have the most co2 emission
538136ae-4960-4bff-877b-e4a9fd093904,True,complete,2026-04-22T11:42:42.825713+00:00,2026-04-22T11:55:22.908+00:00,ref_improvement,show me my progress directly so that I can learn faster and more efficiently
538136ae-4960-4bff-877b-e4a9fd093904,True,complete,2026-04-22T11:42:42.825713+00:00,2026-04-22T11:55:22.908+00:00,ref_system_feedback,liked the colours and easy way of using the system
ccffe0a6-fb97-4b90-9726-388aacce4522,True,complete,2026-04-22T11:58:50.203288+00:00,2026-04-22T12:17:10.382+00:00,ref_surprise,It surprised me how large the difference between pork and chicken in terms of CO2 emission is.
ccffe0a6-fb97-4b90-9726-388aacce4522,True,complete,2026-04-22T11:58:50.203288+00:00,2026-04-22T12:17:10.382+00:00,ref_reflection,That transport contributes to emissions significantly less than production and therefore the choice of product matters more than its origin.
ccffe0a6-fb97-4b90-9726-388aacce4522,True,complete,2026-04-22T11:58:50.203288+00:00,2026-04-22T12:17:10.382+00:00,ref_improvement,"Perhaps seeing the correct results or points of insight after each ranking. I do not remember all the information presented, perhaps if it were distributed it would be easier to remember the smaller bits of information."
ccffe0a6-fb97-4b90-9726-388aacce4522,True,complete,2026-04-22T11:58:50.203288+00:00,2026-04-22T12:17:10.382+00:00,ref_system_feedback,It was clear and also enjoyable. I also liked the emission chart included after the correct answers.
ccffe0a6-fb97-4b90-9726-388aacce4522,True,complete,2026-04-22T11:58:50.203288+00:00,2026-04-22T12:17:10.382+00:00,ref_trust_comparison,"I am not acquainted with other eco labels, when comparing two brands of the same product I usually check country of origin, sometimes I trust the bio label. I think this is a useful tool to have next to the products when shopping."
46a90e6f-113c-4645-a1a9-624e4c69aade,True,complete,2026-04-22T11:58:52.261141+00:00,2026-04-22T12:26:12.189+00:00,ref_surprise,"because im quite in touch with what i buy and where does the product come from so i was not surprised as much as i expected but i was inlighted on some topics, but it makes sence to have pole amount of CO2 produstion in animals products then flover based products"
46a90e6f-113c-4645-a1a9-624e4c69aade,True,complete,2026-04-22T11:58:52.261141+00:00,2026-04-22T12:26:12.189+00:00,ref_reflection,what amount of CO2 it takes to make each product
46a90e6f-113c-4645-a1a9-624e4c69aade,True,complete,2026-04-22T11:58:52.261141+00:00,2026-04-22T12:26:12.189+00:00,ref_improvement,"instead os ranking from 1 to 5 i think a scale representing by a dot would be better, from strongly agree to strongly dissagre you will have a more diversity answers to choose from, me personally i often caught myself being undecided between (for example 3 or 4) so the scale would make it easier for people to choose from the options they find the best for themselfs"
46a90e6f-113c-4645-a1a9-624e4c69aade,True,complete,2026-04-22T11:58:52.261141+00:00,2026-04-22T12:26:12.189+00:00,ref_system_feedback,"i liked that is simplified into 5 options so you can easily decide what is resonating with you the most, but at the same time i think that this type of ranking is overy-used but it work so i guess its fine"
46a90e6f-113c-4645-a1a9-624e4c69aade,True,complete,2026-04-22T11:58:52.261141+00:00,2026-04-22T12:26:12.189+00:00,ref_trust_comparison,"in this system i met only netherlands or german products, so i read about them for the first time, but i believe that this system is easy to understand but misses a lot of other essencial types of food"
1cc10cae-cdab-4a52-9b82-952c7ad4e053,True,complete,2026-04-22T12:00:38.506787+00:00,2026-04-22T12:55:19.415+00:00,ref_surprise,Mmhh not necessarily I think.
1cc10cae-cdab-4a52-9b82-952c7ad4e053,True,complete,2026-04-22T12:00:38.506787+00:00,2026-04-22T12:55:19.415+00:00,ref_reflection,That products that look environmental friendly are often not.
1cc10cae-cdab-4a52-9b82-952c7ad4e053,True,complete,2026-04-22T12:00:38.506787+00:00,2026-04-22T12:55:19.415+00:00,ref_improvement,Show the answers immediately
1cc10cae-cdab-4a52-9b82-952c7ad4e053,True,complete,2026-04-22T12:00:38.506787+00:00,2026-04-22T12:55:19.415+00:00,ref_local_farmers,carlottapetri04@gmail.com
1cc10cae-cdab-4a52-9b82-952c7ad4e053,True,complete,2026-04-22T12:00:38.506787+00:00,2026-04-22T12:55:19.415+00:00,ref_system_feedback,I disliked that the answers were not immediately shown after ranking them.
1cc10cae-cdab-4a52-9b82-952c7ad4e053,True,complete,2026-04-22T12:00:38.506787+00:00,2026-04-22T12:55:19.415+00:00,ref_trust_comparison,I am not sure to be honest
7b5a4ab1-0766-41b6-951e-e675c963dade,True,complete,2026-04-22T12:03:46.316502+00:00,2026-04-22T12:18:18.629+00:00,ref_surprise,Not really
7b5a4ab1-0766-41b6-951e-e675c963dade,True,complete,2026-04-22T12:03:46.316502+00:00,2026-04-22T12:18:18.629+00:00,ref_reflection,"That some type of meat are way less environment firendly than the other ones, and that the distances some food travel does not outbalance the impact some more ""local"" but eco less friendly food have"
7b5a4ab1-0766-41b6-951e-e675c963dade,True,complete,2026-04-22T12:03:46.316502+00:00,2026-04-22T12:18:18.629+00:00,ref_improvement,/
7b5a4ab1-0766-41b6-951e-e675c963dade,True,complete,2026-04-22T12:03:46.316502+00:00,2026-04-22T12:18:18.629+00:00,ref_local_farmers,/
7b5a4ab1-0766-41b6-951e-e675c963dade,True,complete,2026-04-22T12:03:46.316502+00:00,2026-04-22T12:18:18.629+00:00,ref_system_feedback,"It was visually nice, maybe ranking on a line would be more intuitive to include proportions between impact of foods"
7b5a4ab1-0766-41b6-951e-e675c963dade,True,complete,2026-04-22T12:03:46.316502+00:00,2026-04-22T12:18:18.629+00:00,ref_trust_comparison,"It's very similar I'd say, but I'm not an expert"
96efc7d5-2f5c-40a8-bace-7ae204e4c236,True,complete,2026-04-22T12:09:08.721028+00:00,2026-04-22T12:24:52.689+00:00,ref_surprise,yes some results were slightly unexpected
96efc7d5-2f5c-40a8-bace-7ae204e4c236,True,complete,2026-04-22T12:09:08.721028+00:00,2026-04-22T12:24:52.689+00:00,ref_reflection,got a feeling for what makes co impact
96efc7d5-2f5c-40a8-bace-7ae204e4c236,True,complete,2026-04-22T12:09:08.721028+00:00,2026-04-22T12:24:52.689+00:00,ref_improvement,maybe a graph with the co values and the food contents or the price ore something in one overview. And maybe some alternatives
96efc7d5-2f5c-40a8-bace-7ae204e4c236,True,complete,2026-04-22T12:09:08.721028+00:00,2026-04-22T12:24:52.689+00:00,ref_system_feedback,liked that it was simple
96efc7d5-2f5c-40a8-bace-7ae204e4c236,True,complete,2026-04-22T12:09:08.721028+00:00,2026-04-22T12:24:52.689+00:00,ref_trust_comparison,it is clear what it actually means
9d8f705f-bffe-42a3-8668-0309b584f7f6,True,complete,2026-04-22T15:32:00.474348+00:00,2026-04-22T15:47:51.039+00:00,ref_surprise,Ik had varkensvlees meer uitstoot verwacht
9d8f705f-bffe-42a3-8668-0309b584f7f6,True,complete,2026-04-22T15:32:00.474348+00:00,2026-04-22T15:47:51.039+00:00,ref_reflection,Beter beeld van wat wel en niet hoge uitstoot heeft.
9d8f705f-bffe-42a3-8668-0309b584f7f6,True,complete,2026-04-22T15:32:00.474348+00:00,2026-04-22T15:47:51.039+00:00,ref_improvement,Nog duidelijker maken hoe je de rangschikking wilt
9d8f705f-bffe-42a3-8668-0309b584f7f6,True,complete,2026-04-22T15:32:00.474348+00:00,2026-04-22T15:47:51.039+00:00,ref_system_feedback,"Ik heb het in de eerste ronde verkeerd om gedaan, omdat ik niet zo goed gelezen had en ervan uitging dat je bovenaan de de hoogste co2 uitstoot zou hebben staan."
98a088e3-45fc-4f19-a61b-f97c5bb726a6,True,complete,2026-04-24T10:59:11.855073+00:00,2026-04-24T11:14:44.15+00:00,ref_surprise,"Ja! De resultaten hebben mij zeker verrast. Waar ik sommige producten, zoals Tony repen, veel lager ingeschat had, kwam dit veel hoger in de ranking te staan."
98a088e3-45fc-4f19-a61b-f97c5bb726a6,True,complete,2026-04-24T10:59:11.855073+00:00,2026-04-24T11:14:44.15+00:00,ref_reflection,"Ik vind het een interessant gegeven dat sommige producten een zeer lage uitstoot hebben terwijl ik dit zelf veel hoger ingeschat had, maar ook andersom. Het heeft ook een duidelijk manier van weergave, zodat je het snel en makkelijk ziet en in het vervolg ook betere keuzes kan maken waar de impact op het milieu zo klein mogelijk is."
98a088e3-45fc-4f19-a61b-f97c5bb726a6,True,complete,2026-04-24T10:59:11.855073+00:00,2026-04-24T11:14:44.15+00:00,ref_improvement,"Zoals bij vraag 3 al aangegeven, categorieen creeeren."
98a088e3-45fc-4f19-a61b-f97c5bb726a6,True,complete,2026-04-24T10:59:11.855073+00:00,2026-04-24T11:14:44.15+00:00,ref_local_farmers,fleur.koppelman@ru.nl
98a088e3-45fc-4f19-a61b-f97c5bb726a6,True,complete,2026-04-24T10:59:11.855073+00:00,2026-04-24T11:14:44.15+00:00,ref_system_feedback,"Ik zou meer per categorie aangeven, dus rijst en aardappelen samen, drinken samen, kip, vlees, vis en peulvruchten samen. Zodat het echt per categorie duidelijk is wat het beste is voor het milieu. Dit zou voor mij handig werken aangezien wij thuis veel koken met verschillende delen eten; AVG (aardappels, vlees en groenten). De ene dag eten we dan rijst met kip en groente, waar we de andere dag aardappelen met een slavink en groente eten. Door het in die systemen neer te zetten, zullen we wellicht vaker rijst eten en minder vaak aardappels."
98a088e3-45fc-4f19-a61b-f97c5bb726a6,True,complete,2026-04-24T10:59:11.855073+00:00,2026-04-24T11:14:44.15+00:00,ref_trust_comparison,"Het systeem doet mij denken aan het A, B, C, D, E keurmerk, voor gezonde voeding. Waarbij A staat voor gezond en E voor ongezond."
582d77f6-a70a-4276-9af9-3d19bef40ffa,True,complete,2026-04-24T11:16:55.635968+00:00,2026-04-24T11:51:37.817+00:00,ref_improvement,Duidelijk aangeven of er met de CO2 uitstoot ook rekening gehouden moet worden met het het vervoer van het product (zoals rijst vervoeren vanuit azie naar nederland)
582d77f6-a70a-4276-9af9-3d19bef40ffa,True,complete,2026-04-24T11:16:55.635968+00:00,2026-04-24T11:51:37.817+00:00,ref_system_feedback,ik was logischer geweest als wij het product met het meeste CO2 op #1 moesten zetten.
537649f5-d0b7-4b3b-b918-33cbadbc64a2,True,complete,2026-04-24T11:20:13.214011+00:00,2026-04-24T11:50:01.537+00:00,ref_surprise,Nee
537649f5-d0b7-4b3b-b918-33cbadbc64a2,True,complete,2026-04-24T11:20:13.214011+00:00,2026-04-24T11:50:01.537+00:00,ref_reflection,Rijst is redelijk laag
537649f5-d0b7-4b3b-b918-33cbadbc64a2,True,complete,2026-04-24T11:20:13.214011+00:00,2026-04-24T11:50:01.537+00:00,ref_improvement,Nummer 1 het meeste co2 maken en 6 het minste co2
537649f5-d0b7-4b3b-b918-33cbadbc64a2,True,complete,2026-04-24T11:20:13.214011+00:00,2026-04-24T11:50:01.537+00:00,ref_system_feedback,Was een beetje onduidelijk in de ordening
537649f5-d0b7-4b3b-b918-33cbadbc64a2,True,complete,2026-04-24T11:20:13.214011+00:00,2026-04-24T11:50:01.537+00:00,ref_trust_comparison,Ik heb geen keurmerken gezien over de uistoot
d55ec4e8-8ac7-40b3-ad73-8b97789c3303,True,complete,2026-04-24T11:58:12.943456+00:00,2026-04-24T12:11:50.87+00:00,ref_surprise,Het waren niet mijn eigen aankopen maar was wel leuk om te zien hoe ze scoren
d55ec4e8-8ac7-40b3-ad73-8b97789c3303,True,complete,2026-04-24T11:58:12.943456+00:00,2026-04-24T12:11:50.87+00:00,ref_reflection,"Ik had dingen soms wat anders ingeschat, maar ik vind het wel lastig als het vooral op co2 richt. Ik vind het erg nice als inderdaad sinaasappels wel goed scoren, maar ik vind dat ook lastig want is dat zo als je pesticides en waterbehoefte meeneemt? Ik snap de keuze voor co2 maar een focus op co2 kan ook andere vormen van vervuiling en onduurzame ketens vertroebelen"
d55ec4e8-8ac7-40b3-ad73-8b97789c3303,True,complete,2026-04-24T11:58:12.943456+00:00,2026-04-24T12:11:50.87+00:00,ref_improvement,"Misschien wat ik net zei, maar is dat verbeteren? Gewoon in de app bij het scannen de opties aanbieden zodat de keuze makkelijker wordt. Maar dan zou ik wel graag ook pesticides, hoeveel water het nodig heeft om te produceren, etc meegenomen zien worden"
d55ec4e8-8ac7-40b3-ad73-8b97789c3303,True,complete,2026-04-24T11:58:12.943456+00:00,2026-04-24T12:11:50.87+00:00,ref_local_farmers,marit.jansen@ru.nl
d55ec4e8-8ac7-40b3-ad73-8b97789c3303,True,complete,2026-04-24T11:58:12.943456+00:00,2026-04-24T12:11:50.87+00:00,ref_system_feedback,"Ja rangschikken is wel een mooie visuele manier om met dit soort dingen te oefenen en het begrijpen. Maar zelf vind ik het gewoon ingewikkeld omdat het soms wel vereenvoudiging van die ketens is (denk ik dan, ben geen expert natuurlijk)"
d55ec4e8-8ac7-40b3-ad73-8b97789c3303,True,complete,2026-04-24T11:58:12.943456+00:00,2026-04-24T12:11:50.87+00:00,ref_trust_comparison,"ik ben al sceptisch over keurmerken maar het is beter dan niks, ik denk wel dat dit goed zou werken als je de app hebt en je scant een product en je krijgt wat andere duurzamere opties aangeraden"
2f538be1-60ea-424a-86d1-9ca9b2f81dab,True,complete,2026-04-24T11:58:28.050844+00:00,2026-04-24T12:09:06.576+00:00,ref_surprise,Nee.
2f538be1-60ea-424a-86d1-9ca9b2f81dab,True,complete,2026-04-24T11:58:28.050844+00:00,2026-04-24T12:09:06.576+00:00,ref_reflection,Welke producten ik beter niet meer/minder kan kopen.
